change_type,category,area_ha,centroid_longitude,centroid_latitude,vector_scale_m
Gain terbesar,gain,1458.3680665488046,110.24748286882827,-0.7217005307873178,50
Loss terbesar,loss,2207.9384464325917,109.95605895057345,-0.5890341070622078,50
